"date_sgt","meter_id","meter_name","tenant","consumption_kwh","estimated_cost_sgd","received_intervals","expected_intervals","coverage_percent","tariff_sgd_per_kwh"
"2026-09-25","MW-001","Studio main","Northstar Studio","116.1","33.09","24","24","100","0.285"
"2026-09-25","MW-002","Studio air conditioning","Northstar Studio","133.58","38.07","24","24","100","0.285"
"2026-09-25","MW-003","Labs main","Juniper Labs","166.75","47.52","24","24","100","0.285"
"2026-09-25","MW-004","Digital main","Atlas Digital","99.35","28.31","24","24","100","0.285"
"2026-09-25","MW-005","Common lighting","Shared areas","50.42","14.37","24","24","100","0.285"
"2026-09-25","MW-006","Building services","Shared areas","81.67","23.28","24","24","100","0.285"
"2026-09-26","MW-001","Studio main","Northstar Studio","74.42","21.21","24","24","100","0.285"
"2026-09-26","MW-002","Studio air conditioning","Northstar Studio","86.43","24.63","24","24","100","0.285"
"2026-09-26","MW-003","Labs main","Juniper Labs","103.81","29.59","24","24","100","0.285"
"2026-09-26","MW-004","Digital main","Atlas Digital","65.17","18.57","24","24","100","0.285"
"2026-09-26","MW-005","Common lighting","Shared areas","31.9","9.09","24","24","100","0.285"
"2026-09-26","MW-006","Building services","Shared areas","52.16","14.87","24","24","100","0.285"
"2026-09-27","MW-001","Studio main","Northstar Studio","73.34","20.9","24","24","100","0.285"
"2026-09-27","MW-002","Studio air conditioning","Northstar Studio","85.46","24.36","24","24","100","0.285"
"2026-09-27","MW-003","Labs main","Juniper Labs","106.34","30.31","24","24","100","0.285"
"2026-09-27","MW-004","Digital main","Atlas Digital","62.49","17.81","24","24","100","0.285"
"2026-09-27","MW-005","Common lighting","Shared areas","32.27","9.2","24","24","100","0.285"
"2026-09-27","MW-006","Building services","Shared areas","52.07","14.84","24","24","100","0.285"
"2026-09-28","MW-001","Studio main","Northstar Studio","115.85","33.02","24","24","100","0.285"
"2026-09-28","MW-002","Studio air conditioning","Northstar Studio","133.31","37.99","24","24","100","0.285"
"2026-09-28","MW-003","Labs main","Juniper Labs","162.18","46.22","24","24","100","0.285"
"2026-09-28","MW-004","Digital main","Atlas Digital","101.34","28.88","24","24","100","0.285"
"2026-09-28","MW-005","Common lighting","Shared areas","49.04","13.98","24","24","100","0.285"
"2026-09-28","MW-006","Building services","Shared areas","81.49","23.22","24","24","100","0.285"
"2026-09-29","MW-001","Studio main","Northstar Studio","114.55","32.65","24","24","100","0.285"
"2026-09-29","MW-002","Studio air conditioning","Northstar Studio","159.21","45.37","24","24","100","0.285"
"2026-09-29","MW-003","Labs main","Juniper Labs","163.95","46.73","24","24","100","0.285"
"2026-09-29","MW-004","Digital main","Atlas Digital","97.7","27.84","24","24","100","0.285"
"2026-09-29","MW-005","Common lighting","Shared areas","50.22","14.31","24","24","100","0.285"
"2026-09-29","MW-006","Building services","Shared areas","80.29","22.88","24","24","100","0.285"
"2026-09-30","MW-001","Studio main","Northstar Studio","115.8","33","24","24","100","0.285"
"2026-09-30","MW-002","Studio air conditioning","Northstar Studio","132.82","37.85","24","24","100","0.285"
"2026-09-30","MW-003","Labs main","Juniper Labs","177.17","50.49","24","24","100","0.285"
"2026-09-30","MW-004","Digital main","Atlas Digital","100.05","28.51","24","24","100","0.285"
"2026-09-30","MW-005","Common lighting","Shared areas","49.04","13.98","24","24","100","0.285"
"2026-09-30","MW-006","Building services","Shared areas","81.19","23.14","24","24","100","0.285"
"2026-10-01","MW-001","Studio main","Northstar Studio","112.66","32.11","24","24","100","0.285"
"2026-10-01","MW-002","Studio air conditioning","Northstar Studio","133.03","37.91","24","24","100","0.285"
"2026-10-01","MW-003","Labs main","Juniper Labs","163.32","46.55","24","24","100","0.285"
"2026-10-01","MW-004","Digital main","Atlas Digital","97.3","27.73","24","24","100","0.285"
"2026-10-01","MW-005","Common lighting","Shared areas","50.19","14.3","24","24","100","0.285"
"2026-10-01","MW-006","Building services","Shared areas","89.52","25.51","24","24","100","0.285"
