"date_sgt","meter_id","meter_name","tenant","consumption_kwh","estimated_cost_sgd","received_intervals","expected_intervals","coverage_percent","tariff_sgd_per_kwh"
"2026-09-25","MW-001","Studio main","Northstar Studio","116.1","33.09","24","24","100","0.285"
"2026-09-25","MW-002","Studio air conditioning","Northstar Studio","133.58","38.07","24","24","100","0.285"
"2026-09-26","MW-001","Studio main","Northstar Studio","74.42","21.21","24","24","100","0.285"
"2026-09-26","MW-002","Studio air conditioning","Northstar Studio","86.43","24.63","24","24","100","0.285"
"2026-09-27","MW-001","Studio main","Northstar Studio","73.34","20.9","24","24","100","0.285"
"2026-09-27","MW-002","Studio air conditioning","Northstar Studio","85.46","24.36","24","24","100","0.285"
"2026-09-28","MW-001","Studio main","Northstar Studio","115.85","33.02","24","24","100","0.285"
"2026-09-28","MW-002","Studio air conditioning","Northstar Studio","133.31","37.99","24","24","100","0.285"
"2026-09-29","MW-001","Studio main","Northstar Studio","114.55","32.65","24","24","100","0.285"
"2026-09-29","MW-002","Studio air conditioning","Northstar Studio","159.21","45.37","24","24","100","0.285"
"2026-09-30","MW-001","Studio main","Northstar Studio","115.8","33","24","24","100","0.285"
"2026-09-30","MW-002","Studio air conditioning","Northstar Studio","132.82","37.85","24","24","100","0.285"
"2026-10-01","MW-001","Studio main","Northstar Studio","112.66","32.11","24","24","100","0.285"
"2026-10-01","MW-002","Studio air conditioning","Northstar Studio","133.03","37.91","24","24","100","0.285"